AC_NO,AC_NAME,Total_Electors,Turnout_Pct
1,MEKLIGANJ (SC),224413,96.87
2,MATHABHANGA (SC),248757,96.44
3,COOCHBEHAR UTTAR (SC),263078,95.42
4,COOCHBEHAR DAKSHIN,213968,94.74
5,SITALKUCHI (SC),285548,97.53
6,SITAI (SC),273126,96.55
7,DINHATA,277291,95.7
8,NATABARI,239923,96.11
9,TUFANGANJ,237667,96.21
10,KUMARGRAM (ST),259496,94.23
11,KALCHINI (ST),221457,90.87
12,ALIPURDUARS,244331,94.02
13,FALAKATA (SC),245264,95.44
14,MADARIHAT (ST),193958,90.6
15,DHUPGURI (SC),258127,95.53
16,MAYNAGURI (SC),258545,96.4
17,JALPAIGURI (SC),250381,93.45
18,RAJGANJ (SC),230795,96.56
19,DABGRAM-PHULBARI,264380,94.62
20,MAL (ST),237452,94.17
21,NAGRAKATA (ST),220118,92.3
22,KALIMPONG,201619,83.04
23,DARJEELING,207716,82.27
24,KURSEONG,216152,83.14
25,MATIGARA-NAXALBARI(SC),268480,92.69
26,SILIGURI,200779,90.63
27,PHANSIDEWA (ST),217298,95.08
28,CHOPRA,219236,96.02
29,ISLAMPUR,202217,91.41
30,GOALPOKHAR,199468,91.67
31,CHAKULIA,216095,91.84
32,KARANDIGHI,231599,94.61
33,HEMTABAD (SC),246530,96.4
34,KALIAGANJ (SC),268281,95.42
35,RAIGANJ,174126,92.97
36,ITAHAR,211422,95.89
37,KUSHMANDI (SC),205867,96.52
38,KUMARGANJ,180385,95.88
39,BALURGHAT,166912,93.3
40,TAPAN(ST),194914,95.1
41,GANGARAMPUR (SC),200146,95.49
42,HARIRAMPUR,211295,96
43,HABIBPUR (ST),238230,94.89
44,GAZOLE (SC),255085,95.25
45,CHANCHAL,244428,95.54
46,HARISCHANDRAPUR,238850,94.74
47,MALATIPUR,212691,94.73
48,RATUA,246547,93.94
49,MANIKCHAK,235765,94.82
50,MALDAHA (SC),231348,94.62
51,ENGLISH BAZAR,249137,92.68
52,MOTHABARI,169347,95.06
53,SUJAPUR,236443,95.69
54,BAISNABNAGAR,233865,95.7
55,FARAKKA,181659,96.01
56,SAMSERGANJ,161435,96.04
57,SUTI,229208,96.07
58,JANGIPUR,220859,95.72
59,RAGHUNATHGANJ,200452,96.9
60,SAGARDIGHI,216977,95.35
61,LALGOLA,186182,96.44
62,BHAGABANGOLA,224618,96.95
63,RANINAGAR,244391,96.95
64,MURSHIDABAD,248269,95.3
65,NABAGRAM (SC),243025,90.73
66,KHARGRAM (SC),230464,88.32
67,BURWAN (SC),214003,87.8
68,KANDI,233024,84.94
69,BHARATPUR,239184,89.17
70,REJINAGAR,256267,92.91
71,BELDANGA,243984,93.05
72,BAHARAMPUR,240830,91.72
73,HARIHARPARA,245484,95.61
74,NAODA,235737,93.66
75,DOMKAL,267374,96.43
76,JALANGI,262787,96.03
77,KARIMPUR,252844,94.48
78,TEHATTA,252431,91.33
79,PALASHIPARA,231620,92.06
80,KALIGANJ,232460,93.42
81,NAKASHIPARA,218669,92
82,CHAPRA,232057,90.05
83,KRISHNANAGAR UTTAR,216456,91.92
84,NABADWIP,230011,93.47
85,KRISHNANAGAR DAKSHIN,209781,92.94
86,SANTIPUR,227477,92.87
87,RANAGHAT UTTAR PASCHIM,232716,92.31
88,KRISHNAGANJ (SC),253036,89.85
89,RANAGHAT UTTAR PURBA(SC),232399,89.59
90,RANAGHAT DAKSHIN (SC),253346,90.99
91,CHAKDAHA,223981,92.93
92,KALYANI (SC),230489,92.66
93,HARINGHATA (SC),225109,93.82
94,BAGDA (SC),240989,89.51
95,BANGAON UTTAR (SC),225962,92.61
96,BANGAON DAKSHIN (SC),228359,92.23
97,GAIGHATA (SC),222723,93.08
98,SWARUPNAGAR,228965,95
99,BADURIA,236162,95.66
100,HABRA,208822,94.4
101,ASHOKNAGAR,229506,95.01
102,AMDANGA,221207,96.03
103,BIJPUR,158096,90.88
104,NAIHATI,170581,91.5
105,BHATPARA,117195,90.15
106,JAGATDAL,195630,95.23
107,NOAPARA,213727,87.12
108,BARRACKPUR,170646,89.82
109,KHARDAHA,209855,93.02
110,DUM DUM UTTAR,240341,92.26
111,PANIHATI,189714,91.48
112,KAMARHATI,162646,90.01
113,BARANAGAR,186541,88.59
114,DUM DUM,217541,90.2
115,RAJARHAT NEW TOWN,267645,93.6
116,BIDHANNAGAR,203877,86.26
117,RAJARHAT GOPALPUR,218890,86.66
118,MADHYAMGRAM,244485,94.62
119,BARASAT,252439,92.79
120,DEGANGA,240007,96.85
121,HAROA,243400,97.34
122,MINAKHAN (SC),222011,96.77
123,SANDESHKHALI (ST),223269,95.89
124,BASIRHAT DAKSHIN,260361,95.44
125,BASIRHAT UTTAR,245388,96.62
126,HINGALGANJ (SC),215122,95.41
127,GOSABA (SC),221332,94.51
128,BASANTI (SC),240303,95.73
129,KULTALI (SC),261736,95.99
130,PATHARPRATIMA,257704,94.96
131,KAKDWIP,241720,95.19
132,SAGAR,274103,93.29
133,KULPI,216620,95.42
134,RAIDIGHI,267846,95.7
135,MANDIRBAZAR (SC),222090,95.47
136,JAYNAGAR (SC),227238,94.12
137,BARUIPUR PURBA(SC),245106,94.96
138,CANNING PASCHIM(SC),238236,96.43
139,CANNING PURBA,246673,97.7
140,BARUIPUR PASCHIM,233097,94.49
141,MAGRAHAT PURBA(SC),232589,94.84
142,MAGRAHAT PASCHIM,217022,94.19
143,DIAMOND HARBOUR,245097,94.26
144,FALTA,236444,90.3
145,SATGACHHIA,256251,92.85
146,BISHNUPUR (SC),268266,92.84
147,SONARPUR DAKSHIN,260993,92.32
148,BHANGAR,272711,96.78
149,KASBA,265616,90.09
150,JADAVPUR,260821,87.87
151,SONARPUR UTTAR,273219,93.15
152,TOLLYGANJ,229994,88.28
153,BEHALA PURBA,259752,88.81
154,BEHALA PASCHIM,266173,86.93
155,MAHESHTALA,243365,93.97
156,BUDGE BUDGE,229907,94.02
157,METIABURUZ,189494,94.8
158,KOLKATA PORT,171615,89.68
159,BHABANIPUR,160313,86.74
160,RASHBEHARI,158406,86.58
161,BALLYGUNGE,188839,88.16
162,CHOWRANGEE,126349,86.6
163,ENTALLY,178877,92.01
164,BELEGHATA,190599,90.81
165,JORASANKO,122686,86.72
166,SHYAMPUKUR,131819,88.07
167,MANIKTALA,165906,90.28
168,KASHIPURBELGACHHIA,167936,89.01
169,BALLY,133573,86.86
170,HOWRAH UTTAR,149948,88.26
171,HOWRAH MADHYA,214821,89.44
172,SHIBPUR,194963,92.32
173,HOWRAH DAKSHIN,240607,91.5
174,SANKRAIL (SC),240252,94.95
175,PANCHLA,248497,93.6
176,ULUBERIA PURBA,218481,94.27
177,ULUBERIA UTTAR (SC),214671,94.23
178,ULUBERIA DAKSHIN,237057,95.01
179,SHYAMPUR,259278,92.56
180,BAGNAN,230578,94.08
181,AMTA,256982,90.56
182,UDAYNARAYANPUR,229091,92.74
183,JAGATBALLAVPUR,270806,92.89
184,DOMJUR,269236,94
185,UTTARPARA,228272,89.43
186,SREERAMPUR,205662,90.01
187,CHAMPDANI,221952,91.43
188,SINGUR,237388,93.16
189,CHANDANNAGAR,203451,90.95
190,CHUNCHURA,275715,91.42
191,BALAGARH (SC),240088,93.58
192,PANDUA,249081,93.35
193,SAPTAGRAM,210370,92.87
194,CHANDITALA,246543,91.94
195,JANGIPARA,251069,91.94
196,HARIPAL,264175,92.41
197,DHANEKHALI(SC),262689,93.54
198,TARAKESWAR,235441,93.2
199,PURSURAH,259590,92.09
200,ARAMBAG (SC),253260,92.53
201,GOGHAT (SC),248076,93.81
202,KHANAKUL,268570,87.83
203,TAMLUK,274508,92.63
204,PANSKURA PURBA,238519,92.03
205,PANSKURA PASCHIM,278744,91.19
206,MOYNA,264971,91.88
207,NANDAKUMAR,264437,93.48
208,MAHISADAL,253523,93.09
209,HALDIA (SC),251919,94.25
210,NANDIGRAM,266415,93.98
211,CHANDIPUR,255924,93.54
212,PATASHPUR,247037,92.98
213,KANTHI UTTAR,263602,93.67
214,BHAGABANPUR,263775,93.08
215,KHEJURI (SC),247976,94.35
216,KANTHI DAKSHIN,227954,91.81
217,RAMNAGAR,269252,90.02
218,EGRA,291598,91.49
219,DANTAN,236168,91.89
220,NAYAGRAM (ST),226894,90.65
221,GOPIBALLAVPUR,227793,92.76
222,JHARGRAM,235147,92.63
223,KESHIARY (ST),238769,93019
224,KHARAGPUR SADAR,180530,88071
225,NARAYANGARH,239064,93.7
226,SABANG,274383,92.9
227,PINGLA,255892,94.27
228,KHARAGPUR,218142,95.02
229,DEBRA,231898,93.02
230,DASPUR,296045,84.6
231,GHATAL (SC),276569,86.86
232,CHANDRAKONA (SC),282820,93.14
233,GARBETA,232881,94.77
234,SALBONI,279304,94.75
235,KESHPUR (SC),268034,94.37
236,MEDINIPUR,260295,92.56
237,BINPUR (ST),221125,93.02
238,BANDWAN (ST),285966,92.35
239,BALARAMPUR,235388,92.71
240,BAGHMUNDI,250657,91.07
241,JOYPUR,253825,91.28
242,PURULIA,251816,90.74
243,MANBAZAR (ST),255460,91.73
244,KASHIPUR,229552,91.42
245,PARA (SC),236120,91.01
246,RAGHUNATHPUR(SC),254023,91.92
247,SALTORA (SC),233175,93.01
248,CHHATNA,242151,90.6
249,RANIBANDH (ST),254570,91.8
250,RAIPUR (ST),224120,92.86
251,TALDANGRA,235685,92.02
252,BANKURA,260886,90.32
253,BARJORA,251402,92.79
254,ONDA,262408,93.06
255,BISHNUPUR,220284,93.43
256,KATULPUR (SC),253697,93.74
257,INDUS (SC),245267,94.01
258,SONAMUKHI (SC),235770,93.3
259,KHANDAGHOSH (SC),233679,94.9
260,BARDHAMAN DAKSHIN,221961,90.83
261,RAINA (SC),246060,94.08
262,JAMALPUR (SC),225468,94.71
263,MONTESWAR,216764,93.56
264,KALNA (SC),226370,93.46
265,MEMARI,239601,94.37
266,BARDHAMAN UTTAR,260360,94.42
267,BHATAR,226642,94.2
268,PURBASTHALI DAKSHIN,232577,94.03
269,PURBASTHALI UTTAR,239480,93.19
270,KATWA,256811,92.39
271,KETUGRAM,234035,93.13
272,MANGALKOT,231984,93.91
273,AUSGRAM (SC),236010,95.21
274,GALSI (SC),243955,94.83
275,PANDABESWAR,188390,92.14
276,DURGAPUR PURBA,237127,90.07
277,DURGAPUR PASCHIM,238700,90.27
278,RANIGANJ,215994,90.42
279,JAMURIA,196545,91.79
280,ASANSOL DAKSHIN,239030,89.73
281,ASANSOL UTTAR,236858,88.29
282,KULTI,210553,89.87
283,BARABANI,201898,91.02
284,DUBRAJPUR (SC),231503,94.58
285,SURI,252071,93.63
286,BOLPUR,260112,93.82
287,NANOOR (SC),269082,93.46
288,LABPUR,234630,94.29
289,SAINTHIA (SC),251997,95.01
290,MAYURESWAR,225874,93.89
291,RAMPURHAT,245159,94.53
292,HANSAN,237273,94.92
293,NALHATI,231681,95.63
294,MURARAI,252004,96.08
