AC_No,Assembly Constituency,Total_Electors_Before_Deletion,Total Deletions,Total_Electors_After_Deletion,Turnout ,Total Votes,Total Votes
1,Valmiki Nagar,350170,28908,321262,70.36,226039.9432,226040
2,Ramnagar (SC),314571,27893,286678,70.87,203168.6986,203169
3,Narkatiaganj,285071,17726,267345,70.67,188932.7115,188933
4,Bagaha,333376,23239,310137,70.74,219390.9138,219391
5,Lauriya,266691,26227,240464,75.78,182223.6192,182224
6,Nautan,289041,17673,271368,72.37,196389.0216,196390
7,Chanpatia,292758,13583,279175,74.1,206868.675,206869
8,Bettiah,294073,16975,277098,67.12,185988.1776,185989
9,Sikta,295931,19050,276881,75.55,209183.5955,209184
10,Raxaul,294838,21488,273350,75.11,205313.185,205314
11,Sugauli,294184,19981,274203,69.93,191750.1579,191751
12,Narkatia,311865,22893,288972,73.97,213752.5884,213753
13,Harsidhi (SC),282701,17335,265366,73.72,195627.8152,195628
14,Govindganj,285205,28548,256657,68.88,176785.3416,176786
15,Kesaria,277924,25163,252761,67.52,170664.2272,170665
16,Kalyanpur,268432,22393,246039,72.4,178132.236,178133
17,"Pipra, Purvi Champaran",358772,35045,323727,72.53,234799.1931,234800
18,Madhuban,279257,22990,256267,68.98,176772.9766,176773
19,Motihari,335513,54400,281113,72.93,205015.7109,205016
20,Chiraia,305890,28617,277273,68.33,189460.6409,189461
21,Dhaka,333645,17630,316015,73.16,231196.574,231197
22,Sheohar,321924,28145,293779,68.76,202002.4404,202003
23,Riga,333948,29988,303960,68.3,207604.68,207605
24,Bathnaha (SC),331436,28487,302949,67.58,204732.9342,204733
25,Parihar,339859,29803,310056,64.55,200141.148,200142
26,Sursand,335281,30912,304369,65.72,200031.3068,200032
27,Bajpatti,345345,29923,315422,66.06,208367.7732,208368
28,Sitamarhi,319109,28580,290529,70.7,205404.003,205405
29,Runnisaidpur,299332,27975,271357,67.17,182270.4969,182271
30,Belsand,284693,38188,246505,69.86,172208.393,172209
31,Harlakhi,300585,35822,264763,66.24,175379.0112,175380
32,Benipatti,309281,31895,277386,60.26,167152.8036,167153
33,Khajauli,318391,35263,283128,69.61,197085.4008,197086
34,Babubarhi,328008,34281,293727,66.72,195974.6544,195975
35,Bisfi,343102,29174,313928,62.89,197429.3192,197430
36,Madhubani,361298,37743,323555,62.09,200895.2995,200896
37,Rajnagar (SC),344939,46623,298316,60.71,181107.6436,181108
38,Jhanjharpur,332722,25746,306976,60.21,184830.2496,184831
39,Phulparas,341348,38234,303114,63.78,193326.1092,193327
40,Laukaha,357337,37523,319814,68.2,218113.148,218114
41,Nirmali,319049,21915,297134,73.08,217145.5272,217146
42,"Pipra, Supaul",319027,21803,297224,72.79,216349.3496,216350
43,Supaul,314926,31142,283784,70.95,201344.748,201345
44,Triveniganj (SC),318549,22650,295899,72.58,214763.4942,214764
45,Chhatapur,350664,30602,320062,74.4369,238244.2309,238245
46,Narpatganj,354822,31163,323659,71.71,232095.8689,232096
47,Raniganj (SC),362978,34355,328623,67.14,220637.4822,220638
48,Forbesganj,366457,25831,340626,69.17,235611.0042,235612
49,Araria,343312,24328,318984,72.13,230083.1592,230084
50,Jokihat,312309,22434,289875,71.35,206825.8125,206826
51,Sikti,309267,19770,289497,72.62,210232.7214,210233
52,Bahadurganj,311403,36506,274897,74.3,204248.471,204249
53,Thakurganj,316519,29234,287285,81.32,233620.162,233621
54,Kishanganj,319049,49193,269856,79.97,215803.8432,215804
55,Kochadhaman,270047,30671,239376,76.84,183936.5184,183937
56,Amour,330440,46925,283515,73.97,209716.0455,209717
57,Baisi,293166,26545,266621,78.08,208177.6768,208178
58,Kasba,297180,35633,261547,81.86,214102.3742,214103
59,Banmankhi (SC),324419,36622,287797,70.77,203673.9369,203674
60,Rupauli,318313,35327,282986,75.34,213201.6524,213202
61,Dhamdaha,339496,42917,296579,76.82,227831.9878,227832
62,Purnia,333815,49842,283973,75.34,213945.2582,213946
63,Katihar,284116,23092,261024,75.6,197334.144,197335
64,Kadwa,300335,30274,270061,75.85,204841.2685,204842
65,Balrampur,364062,29319,334743,79.35,265618.5705,265619
66,Pranpur,326204,25907,300297,81.05,243390.7185,243391
67,Manihari (ST),311600,27509,284091,80.02,227329.6182,227330
68,Barari,293537,22447,271090,81.61,221236.549,221237
69,Korha (SC),310300,25616,284684,79.67,226807.7428,226808
70,Alamnagar,381989,32638,349351,71.14,248528.3014,248529
71,Bihariganj,341174,21416,319758,68.3,218394.714,218395
72,Singheshwar (SC),337181,20802,316379,69.45,219725.2155,219726
73,Madhepura,357358,23160,334198,69.34,231732.8932,231733
74,Sonbarsha (SC),324278,35045,289233,68.09,196938.7497,196939
75,Saharsa,381956,26318,355638,69.92,248662.0896,248663
76,Simri Bakhtiarpur,358839,34125,324714,69.17,224604.6738,224605
77,Mahishi,312602,36050,276552,70.26,194305.4352,194306
78,Kusheshwar Asthan (SC),269269,20156,249113,62.89,156667.1657,156668
79,Gaura Bauram,267275,19046,248229,64.04,158965.8516,158966
80,Benipur,307375,18199,289176,62.44,180561.4944,180562
81,Alinagar,288374,14579,273795,60.32,165153.144,165154
82,Darbhanga Rural,303849,26251,277598,62.86,174498.1028,174499
83,Darbhanga,321876,12428,309448,60.01,185699.7448,185700
84,Hayaghat,258340,13540,244800,66.39,162522.72,162523
85,Bahadurpur,316377,29388,286989,70.32,201810.6648,201811
86,Keoti,308346,22991,285355,64.26,183369.123,183370
87,Jale,329560,26639,302921,63.51,192385.1271,192386
88,Gaighat,333997,28154,305843,69.29,211918.6147,211919
89,Aurai,326543,30906,295637,66.58,196835.1146,196836
90,Minapur,285578,20084,265494,77.54,205864.0476,205865
91,Bochaha (SC),291292,23132,268160,76.35,204740.16,204741
92,Sakra (SC),276129,17447,258682,75.35,194916.887,194917
93,Kurhani,314852,23998,290854,75.63,219972.8802,219973
94,Muzaffarpur,332080,29984,302096,59.17,178750.2032,178751
95,Kanti,331978,28057,303921,72.7,220950.567,220951
96,Baruraj,287860,23860,264000,73.72,194620.8,194621
97,Paroo,324960,29055,295905,72.78,215359.659,215360
98,Sahebganj,309127,28038,281089,72.67,204267.3763,204268
99,Baikunthpur,341426,45605,295821,68.59,202903.6239,202904
100,Barauli,318850,47712,271138,68.05,184509.409,184510
101,Gopalganj,349874,66011,283863,66.56,188939.2128,188940
102,Kuchaikote,337302,59913,277389,67.06,186017.0634,186018
103,Bhorey (SC),366563,45065,321498,62.86,202093.6428,202094
104,Hathua,324203,45925,278278,67.15,186863.677,186864
105,Siwan,327377,23309,304068,59.7,181528.596,181529
106,Ziradei,287504,19058,268446,57.17,153470.5782,153471
107,Darauli (SC),328381,33382,294999,57,168149.43,168150
108,Raghunathpur,313575,30041,283534,61.45,174231.643,174232
109,Daraundha,335030,28929,306101,58.75,179834.3375,179835
110,Barharia,322740,27622,295118,63.53,187488.4654,187489
111,Goriakothi,348256,30850,317406,64.5,204726.87,204727
112,Maharajganj,320620,28323,292297,62.22,181867.1934,181868
113,Ekma,314006,28542,285464,58.7,167567.368,167568
114,Manjhi,314870,29129,285741,60.5,172873.305,172874
115,Baniapur,334317,28093,306224,63.19,193502.9456,193503
116,Taraiya,319222,32156,287066,64.84,186133.5944,186134
117,Marhaura,289077,28450,260627,66.11,172300.5097,172301
118,Chapra,341717,25866,315851,58.1,183509.431,183510
119,Garkha (SC),322634,21454,301180,65.42,197031.956,197032
120,Amnour,275116,37284,237832,67.6,160774.432,160775
121,Parsa,284883,24207,260676,66.93,174470.4468,174471
122,Sonepur,300193,17811,282382,68.79,194250.5778,194251
123,Hajipur,358232,38188,320044,66.74,213597.3656,213598
124,Lalganj,359431,33132,326299,69.62,227169.3638,227170
125,Vaishali,349721,26043,323678,70.14,227027.7492,227028
126,Mahua,299510,19279,280231,71.05,199104.1255,199105
127,Raja Pakar (SC),288753,19579,269174,65.1,175232.274,175233
128,Raghopur,358056,34989,323067,68.9,222593.163,222594
129,Mahnar,316448,28133,288315,66.71,192334.9365,192335
130,Patepur (SC),312381,26377,286004,69.36,198372.3744,198373
131,Kalyanpur (SC),347293,32257,315036,73.68,232118.5248,232119
132,Warisnagar,341737,34168,307569,72.13,221849.5197,221850
133,Samastipur,286980,27779,259201,72.12,186935.7612,186936
134,Ujiarpur,318023,24321,293702,73.99,217310.1098,217311
135,Morwa,292002,35390,256612,73.07,187506.3884,187507
136,Sarairanjan,289611,21067,268544,73.42,197165.0048,197166
137,Mohiuddinnagar,273226,26027,247199,70.39,174003.3761,174004
138,Bibhutipur,284068,21894,262174,71.17,186589.2358,186590
139,Rosera (SC),347549,30555,316994,67.18,212956.5692,212957
140,Hasanpur,306511,30381,276130,70.49,194644.037,194645
141,Cheria Bariarpur,276955,16092,260863,70.18,183073.6534,183074
142,Bachhwara,320344,20774,299570,71.22,213353.754,213354
143,Teghra,310883,23213,287670,70.22,202001.874,202002
144,Matihani,372024,29267,342757,69.68,238833.0776,238834
145,Sahebpur Kamal,274471,21352,253119,71.97,182169.7443,182170
146,Begusarai,368032,38922,329110,66.56,219055.616,219056
147,Bakhri (SC),301031,18046,282985,70.01,198117.7985,198118
148,Alauli (SC),272824,15892,256932,67.13,172478.4516,172479
149,Khagaria,273913,22215,251698,69.93,176012.4114,176013
150,Beldaur,331101,17546,313555,67.04,210207.272,210208
151,Parbatta,329753,23858,305895,67.76,207274.452,207275
152,Bihpur,280102,25270,254832,65.58,167118.8256,167119
153,Gopalpur,289729,21342,268387,69.19,185696.9653,185697
154,Pirpainti (SC),377467,36457,341010,71.72,244572.372,244573
155,Kahalgaon,373217,39863,333354,73.09,243648.4386,243649
156,Bhagalpur,352624,30115,322509,57015,183878506.4,183878507
157,Sultanganj,349195,44397,304798,65.65,200099.887,200100
158,Nathnagar,360436,37308,323128,71.55,231198.084,231199
159,Amarpur,315084,24445,290639,65.02,188973.4778,188974
160,Dhauraiya (SC),323213,22236,300977,71.74,215920.8998,215921
161,Banka,277468,24821,252647,74.01,186984.0447,186985
162,Katoria (ST),283101,19284,263817,72.4,191003.508,191004
163,Belhar,338650,26508,312142,71.23,222338.7466,222339
164,Tarapur,345087,25889,319198,65.22,208180.9356,208181
165,Munger,355811,22708,333103,61.94,206323.9982,206324
166,Jamalpur,343613,24431,319182,61.07,194924.4474,194925
167,Suryagarha,372516,23502,349014,66.65,232617.831,232618
168,Lakhisarai,404979,25297,379682,63.46,240946.1972,240947
169,Sheikhpura,268760,7375,261385,61.95,161928.0075,161929
170,Barbigha,238457,13240,225217,62.03,139702.1051,139703
171,Asthawan,308526,14825,293701,56.81,166851.5381,166852
172,Biharsharif,392068,21085,370983,55,204040.65,204041
173,Rajgir (SC),314905,24852,290053,62.03,179919.8759,179920
174,Islampur,310633,22498,288135,61.77,177980.9895,177981
175,Hilsa,314622,23770,290852,63.2,183818.464,183819
176,Nalanda,330652,14333,316319,61.16,193460.7004,193461
177,Harnaut,325924,17046,308878,59.95,185172.361,185173
178,Mokama,296964,18668,278296,64.77,180252.3192,180253
179,Barh,300074,16037,284037,64.75,183913.9575,183914
180,Bakhtiarpur,305562,17396,288166,65.82,189670.8612,189671
181,Digha,488520,53442,435078,42.76,186039.3528,186040
182,Bankipur,402339,36963,365376,41.32,150973.3632,150974
183,Kumhrar,439487,27556,411931,40.17,165472.6827,165473
184,Patna Sahib,389075,30615,358460,60.29,216115.534,216116
185,Fatuha,288244,19291,268953,69.27,186303.7431,186304
186,Danapur,379088,27200,351888,58.51,205889.6688,205890
187,Maner,348637,30095,318542,67.76,215844.0592,215845
188,Phulwari (SC),396744,34969,361775,66.51,240616.5525,240617
189,Masaurhi (SC),351874,36862,315012,69.11,217704.7932,217705
190,Paliganj,295604,22201,273403,63.87,174622.4961,174623
191,Bikram,320849,24001,296848,69.49,206279.6752,206280
192,Sandesh,297778,24773,273005,62.89,171692.8445,171693
193,Barhara,315371,26340,289031,58.54,169198.7474,169199
194,Arrah,338537,28224,310313,56.38,174954.4694,174955
195,Agiaon (SC),273226,20049,253177,58.17,147273.0609,147274
196,Tarari,311311,31146,280165,64.27,180062.0455,180063
197,Jagdishpur,316762,28444,288318,61.15,176306.457,176307
198,Shahpur,321273,31318,289955,58.11,168492.8505,168493
199,Brahampur,357179,24508,332671,59.76,198804.1896,198805
200,Buxar,303637,25556,278081,65.41,181892.7821,181893
201,Dumraon,335846,21560,314286,60.55,190300.173,190301
202,Rajpur (SC),343942,15966,327976,62.67,205542.5592,205543
203,Ramgarh,292700,17989,274711,67.87,186446.3557,186447
204,Mohania (SC),287280,18666,268614,68.54,184108.0356,184109
205,Bhabua,286632,16730,269902,68.47,184801.8994,184802
206,Chainpur,339637,20526,319111,69.42,221526.8562,221527
207,Chenari (SC),321458,25479,295979,65.83,194842.9757,194843
208,Sasaram,365748,26855,338893,62.1,210452.553,210453
209,Kargahar,336958,25817,311141,66,205353.06,205354
210,Dinara,312389,17617,294772,60.74,179044.5128,179045
211,Nokha,302426,17918,284508,61.12,173891.2896,173892
212,Dehri,301553,17342,284211,63.82,181383.4602,181384
213,Karakat,342297,24962,317335,59.39,188465.2565,188466
214,Arwal,274508,15099,259409,63.75,165373.2375,165374
215,Kurtha,263710,15066,248644,63.89,158858.6516,158859
216,Jehanabad,310050,20866,289184,63.82,184557.2288,184558
217,Ghosi,266636,18199,248437,65.76,163372.1712,163373
218,Makhdumpur (SC),251795,13974,237821,66.85,158983.3385,158984
219,Goh,322663,23962,298701,67.43,201414.0843,201415
220,Obra,333960,29481,304479,63.77,194166.2583,194167
221,Nabinagar,295611,24430,271181,66.85,181284.4985,181285
222,Kutumba (SC),284805,23878,260927,63.53,165766.9231,165767
223,Aurangabad,329727,29962,299765,64.02,191909.553,191910
224,Rafiganj,346832,28201,318631,67.06,213673.9486,213674
225,Gurua,296660,23078,273582,71.05,194380.011,194381
226,Sherghati,287076,20038,267038,72.33,193148.5854,193149
227,Imamganj (SC),317674,27594,290080,67.64,196210.112,196211
228,Barachatti (SC),322083,26117,295966,73.26,216824.6916,216825
229,Bodh Gaya (SC),332428,16777,315651,69.97,220861.0047,220862
230,Gaya Town,281850,23065,258785,59.45,153847.6825,153848
231,Tikari,321569,32904,288665,70.31,202960.3615,202961
232,Belaganj,290718,27322,263396,73.26,192963.9096,192964
233,Atri,318392,21486,296906,64.04,190138.6024,190139
234,Wazirganj,327351,27161,300190,66.55,199776.445,199777
235,Rajauli (SC),341357,20289,321068,60.48,194181.9264,194182
236,Hisua,392082,37310,354772,58.5,207541.62,207542
237,Nawada,369398,18497,350901,55.07,193241.1807,193242
238,Gobindpur,330560,24970,305590,57.27,175011.393,175012
239,Warsaliganj,360651,25293,335358,58.03,194608.2474,194609
240,Sikandra (SC),316275,23860,292415,64.4,188315.26,188316
241,Jamui,329498,26857,302641,69.37,209942.0617,209943
242,Jhajha,348419,18978,329441,71.74,236340.9734,236341
243,Chakai,332535,22131,310404,72.79,225943.0716,225944
